*FORCE_LENGTH,1,1,,,,,,,,,,,,,,,,,,,,,,,,,,,,,,,,,,,,,
18,,,,,,,,,,,,,,,,,,,,,,,,,,,,,,,,,,,,,,,
*SENSE_LENGTH,1,1,,,,,,,,,,,,,,,,,,,,,,,,,,,,,,,,,,,,,
40,,,,,,,,,,,,,,,,,,,,,,,,,,,,,,,,,,,,,,,
*KEY_LENGTH,1,1,,,,,,,,,,,,,,,,,,,,,,,,,,,,,,,,,,,,,
0,,,,,,,,,,,,,,,,,,,,,,,,,,,,,,,,,,,,,,,
*SSKEY_LENGTH,1,1,,,,,,,,,,,,,,,,,,,,,,,,,,,,,,,,,,,,,
0,,,,,,,,,,,,,,,,,,,,,,,,,,,,,,,,,,,,,,,
*EN_LP_TIMER_CALIBRATION,1,1,,,,,,,,,,,,,,,,,,,,,,,,,,,,,,,,,,,,,
1,,,,,,,,,,,,,,,,,,,,,,,,,,,,,,,,,,,,,,,
*EN_MUTUAL_AUTOTUNE,1,1,,,,,,,,,,,,,,,,,,,,,,,,,,,,,,,,,,,,,
1,,,,,,,,,,,,,,,,,,,,,,,,,,,,,,,,,,,,,,,
*EN_SELF_AUTOTUNE,1,1,,,,,,,,,,,,,,,,,,,,,,,,,,,,,,,,,,,,,
1,,,,,,,,,,,,,,,,,,,,,,,,,,,,,,,,,,,,,,,
*EN_SAVE_CX,1,1,,,,,,,,,,,,,,,,,,,,,,,,,,,,,,,,,,,,,
1,,,,,,,,,,,,,,,,,,,,,,,,,,,,,,,,,,,,,,,
*CX1_W,1,1,,,,,,,,,,,,,,,,,,,,,,,,,,,,,,,,,,,,,
8,,,,,,,,,,,,,,,,,,,,,,,,,,,,,,,,,,,,,,,
*CX2_W,1,1,,,,,,,,,,,,,,,,,,,,,,,,,,,,,,,,,,,,,
1,,,,,,,,,,,,,,,,,,,,,,,,,,,,,,,,,,,,,,,
*IX1_FORCE_W,1,1,,,,,,,,,,,,,,,,,,,,,,,,,,,,,,,,,,,,,
2,,,,,,,,,,,,,,,,,,,,,,,,,,,,,,,,,,,,,,,
*IX2_FORCE_W,1,1,,,,,,,,,,,,,,,,,,,,,,,,,,,,,,,,,,,,,
1,,,,,,,,,,,,,,,,,,,,,,,,,,,,,,,,,,,,,,,
*IX1_SENSE_W,1,1,,,,,,,,,,,,,,,,,,,,,,,,,,,,,,,,,,,,,
2,,,,,,,,,,,,,,,,,,,,,,,,,,,,,,,,,,,,,,,
*IX2_SENSE_W,1,1,,,,,,,,,,,,,,,,,,,,,,,,,,,,,,,,,,,,,
1,,,,,,,,,,,,,,,,,,,,,,,,,,,,,,,,,,,,,,,
*MS_RAW_DATA_MIN_MAX,1,2,,,,,,,,,,,,,,,,,,,,,,,,,,,,,,,,,,,,,
-6000,6000,,,,,,,,,,,,,,,,,,,,,,,,,,,,,,,,,,,,,,
*MS_RAW_DATA_EACH_MIN,18,40,,,,,,,,,,,,,,,,,,,,,,,,,,,,,,,,,,,,,
-6000,-5500,-5500,-5500,-5500,-5500,-5500,-5500,-5500,-5500,-5500,-5500,-5500,-5500,-5500,-5500,-5500,-5500,-5500,-5500,-5500,-5500,-5500,-5500,-5500,-5500,-5500,-5500,-5500,-5500,-5500,-5500,-5500,-5500,-5500,-5500,-5500,-5500,-5500,-5500
-6000,-5500,-5500,-5500,-5500,-5500,-5500,-5500,-5500,-5500,-5500,-5500,-5500,-5500,-5500,-5500,-5500,-5500,-5500,-5500,-5500,-5500,-5500,-5500,-5500,-5500,-5500,-5500,-5500,-5500,-5500,-5500,-5500,-5500,-5500,-5500,-5500,-5500,-5500,-5500
-6000,-5500,-5500,-5500,-5500,-5500,-5500,-5500,-5500,-5500,-5500,-5500,-5500,-5500,-5500,-5500,-5500,-5500,-5500,-5500,-5500,-5500,-5500,-5500,-5500,-5500,-5500,-5500,-5500,-5500,-5500,-5500,-5500,-5500,-5500,-5500,-5500,-5500,-5500,-5500
-6000,-5500,-5500,-5500,-5500,-5500,-5500,-5500,-5500,-5500,-5500,-5500,-5500,-5500,-5500,-5500,-5500,-5500,-5500,-5500,-5500,-5500,-5500,-5500,-5500,-5500,-5500,-5500,-5500,-5500,-5500,-5500,-5500,-5500,-5500,-5500,-5500,-5500,-5500,-5500
-6000,-5500,-5500,-5500,-5500,-5500,-5500,-5500,-5500,-5500,-5500,-5500,-5500,-5500,-5500,-5500,-5500,-5500,-5500,-5500,-5500,-5500,-5500,-5500,-5500,-5500,-5500,-5500,-5500,-5500,-5500,-5500,-5500,-5500,-5500,-5500,-5500,-5500,-5500,-5500
-6000,-5500,-5500,-5500,-5500,-5500,-5500,-5500,-5500,-5500,-5500,-5500,-5500,-5500,-5500,-5500,-5500,-5500,-5500,-5500,-5500,-5500,-5500,-5500,-5500,-5500,-5500,-5500,-5500,-5500,-5500,-5500,-5500,-5500,-5500,-5500,-5500,-5500,-5500,-5500
-6000,-5500,-5500,-5500,-5500,-5500,-5500,-5500,-5500,-5500,-5500,-5500,-5500,-5500,-5500,-5500,-5500,-5500,-5500,-5500,-5500,-5500,-5500,-5500,-5500,-5500,-5500,-5500,-5500,-5500,-5500,-5500,-5500,-5500,-5500,-5500,-5500,-5500,-5500,-5500
-6000,-5500,-5500,-5500,-5500,-5500,-5500,-5500,-5500,-5500,-5500,-5500,-5500,-5500,-5500,-5500,-5500,-5500,-5500,-5500,-5500,-5500,-5500,-5500,-5500,-5500,-5500,-5500,-5500,-5500,-5500,-5500,-5500,-5500,-5500,-5500,-5500,-5500,-5500,-5500
-6000,-5500,-5500,-5500,-5500,-5500,-5500,-5500,-5500,-5500,-5500,-5500,-5500,-5500,-5500,-5500,-5500,-5500,-5500,-5500,-5500,-5500,-5500,-5500,-5500,-5500,-5500,-5500,-5500,-5500,-5500,-5500,-5500,-5500,-5500,-5500,-5500,-5500,-5500,-5500
-6000,-5500,-5500,-5500,-5500,-5500,-5500,-5500,-5500,-5500,-5500,-5500,-5500,-5500,-5500,-5500,-5500,-5500,-5500,-5500,-5500,-5500,-5500,-5500,-5500,-5500,-5500,-5500,-5500,-5500,-5500,-5500,-5500,-5500,-5500,-5500,-5500,-5500,-5500,-5500
-6000,-5500,-5500,-5500,-5500,-5500,-5500,-5500,-5500,-5500,-5500,-5500,-5500,-5500,-5500,-5500,-5500,-5500,-5500,-5500,-5500,-5500,-5500,-5500,-5500,-5500,-5500,-5500,-5500,-5500,-5500,-5500,-5500,-5500,-5500,-5500,-5500,-5500,-5500,-5500
-6000,-5500,-5500,-5500,-5500,-5500,-5500,-5500,-5500,-5500,-5500,-5500,-5500,-5500,-5500,-5500,-5500,-5500,-5500,-5500,-5500,-5500,-5500,-5500,-5500,-5500,-5500,-5500,-5500,-5500,-5500,-5500,-5500,-5500,-5500,-5500,-5500,-5500,-5500,-5500
-6000,-5500,-5500,-5500,-5500,-5500,-5500,-5500,-5500,-5500,-5500,-5500,-5500,-5500,-5500,-5500,-5500,-5500,-5500,-5500,-5500,-5500,-5500,-5500,-5500,-5500,-5500,-5500,-5500,-5500,-5500,-5500,-5500,-5500,-5500,-5500,-5500,-5500,-5500,-5500
-6000,-5500,-5500,-5500,-5500,-5500,-5500,-5500,-5500,-5500,-5500,-5500,-5500,-5500,-5500,-5500,-5500,-5500,-5500,-5500,-5500,-5500,-5500,-5500,-5500,-5500,-5500,-5500,-5500,-5500,-5500,-5500,-5500,-5500,-5500,-5500,-5500,-5500,-5500,-5500
-6000,-5500,-5500,-5500,-5500,-5500,-5500,-5500,-5500,-5500,-5500,-5500,-5500,-5500,-5500,-5500,-5500,-5500,-5500,-5500,-5500,-5500,-5500,-5500,-5500,-5500,-5500,-5500,-5500,-5500,-5500,-5500,-5500,-5500,-5500,-5500,-5500,-5500,-5500,-5500
-6000,-5500,-5500,-5500,-5500,-5500,-5500,-5500,-5500,-5500,-5500,-5500,-5500,-5500,-5500,-5500,-5500,-5500,-5500,-5500,-5500,-5500,-5500,-5500,-5500,-5500,-5500,-5500,-5500,-5500,-5500,-5500,-5500,-5500,-5500,-5500,-5500,-5500,-5500,-5500
-6000,-5500,-5500,-5500,-5500,-5500,-5500,-5500,-5500,-5500,-5500,-5500,-5500,-5500,-5500,-5500,-5500,-5500,-5500,-5500,-5500,-5500,-5500,-5500,-5500,-5500,-5500,-5500,-5500,-5500,-5500,-5500,-5500,-5500,-5500,-5500,-5500,-5500,-5500,-5500
-6000,-5500,-5500,-5500,-5500,-5500,-5500,-5500,-5500,-5500,-5500,-5500,-5500,-5500,-5500,-5500,-5500,-5500,-5500,-5500,-5500,-5500,-5500,-5500,-5500,-5500,-5500,-5500,-5500,-5500,-5500,-5500,-5500,-5500,-5500,-5500,-5500,-5500,-5500,-5500
*MS_RAW_DATA_EACH_MAX,18,40,,,,,,,,,,,,,,,,,,,,,,,,,,,,,,,,,,,,,
6000,5500,5500,5500,5500,5500,5500,5500,5500,5500,5500,5500,5500,5500,5500,5500,5500,5500,5500,5500,5500,5500,5500,5500,5500,5500,5500,5500,5500,5500,5500,5500,5500,5500,5500,5500,5500,5500,5500,5500
6000,5500,5500,5500,5500,5500,5500,5500,5500,5500,5500,5500,5500,5500,5500,5500,5500,5500,5500,5500,5500,5500,5500,5500,5500,5500,5500,5500,5500,5500,5500,5500,5500,5500,5500,5500,5500,5500,5500,5500
6000,5500,5500,5500,5500,5500,5500,5500,5500,5500,5500,5500,5500,5500,5500,5500,5500,5500,5500,5500,5500,5500,5500,5500,5500,5500,5500,5500,5500,5500,5500,5500,5500,5500,5500,5500,5500,5500,5500,5500
6000,5500,5500,5500,5500,5500,5500,5500,5500,5500,5500,5500,5500,5500,5500,5500,5500,5500,5500,5500,5500,5500,5500,5500,5500,5500,5500,5500,5500,5500,5500,5500,5500,5500,5500,5500,5500,5500,5500,5500
6000,5500,5500,5500,5500,5500,5500,5500,5500,5500,5500,5500,5500,5500,5500,5500,5500,5500,5500,5500,5500,5500,5500,5500,5500,5500,5500,5500,5500,5500,5500,5500,5500,5500,5500,5500,5500,5500,5500,5500
6000,5500,5500,5500,5500,5500,5500,5500,5500,5500,5500,5500,5500,5500,5500,5500,5500,5500,5500,5500,5500,5500,5500,5500,5500,5500,5500,5500,5500,5500,5500,5500,5500,5500,5500,5500,5500,5500,5500,5500
6000,5500,5500,5500,5500,5500,5500,5500,5500,5500,5500,5500,5500,5500,5500,5500,5500,5500,5500,5500,5500,5500,5500,5500,5500,5500,5500,5500,5500,5500,5500,5500,5500,5500,5500,5500,5500,5500,5500,5500
6000,5500,5500,5500,5500,5500,5500,5500,5500,5500,5500,5500,5500,5500,5500,5500,5500,5500,5500,5500,5500,5500,5500,5500,5500,5500,5500,5500,5500,5500,5500,5500,5500,5500,5500,5500,5500,5500,5500,5500
6000,5500,5500,5500,5500,5500,5500,5500,5500,5500,5500,5500,5500,5500,5500,5500,5500,5500,5500,5500,5500,5500,5500,5500,5500,5500,5500,5500,5500,5500,5500,5500,5500,5500,5500,5500,5500,5500,5500,5500
6000,5500,5500,5500,5500,5500,5500,5500,5500,5500,5500,5500,5500,5500,5500,5500,5500,5500,5500,5500,5500,5500,5500,5500,5500,5500,5500,5500,5500,5500,5500,5500,5500,5500,5500,5500,5500,5500,5500,5500
6000,5500,5500,5500,5500,5500,5500,5500,5500,5500,5500,5500,5500,5500,5500,5500,5500,5500,5500,5500,5500,5500,5500,5500,5500,5500,5500,5500,5500,5500,5500,5500,5500,5500,5500,5500,5500,5500,5500,5500
6000,5500,5500,5500,5500,5500,5500,5500,5500,5500,5500,5500,5500,5500,5500,5500,5500,5500,5500,5500,5500,5500,5500,5500,5500,5500,5500,5500,5500,5500,5500,5500,5500,5500,5500,5500,5500,5500,5500,5500
6000,5500,5500,5500,5500,5500,5500,5500,5500,5500,5500,5500,5500,5500,5500,5500,5500,5500,5500,5500,5500,5500,5500,5500,5500,5500,5500,5500,5500,5500,5500,5500,5500,5500,5500,5500,5500,5500,5500,5500
6000,5500,5500,5500,5500,5500,5500,5500,5500,5500,5500,5500,5500,5500,5500,5500,5500,5500,5500,5500,5500,5500,5500,5500,5500,5500,5500,5500,5500,5500,5500,5500,5500,5500,5500,5500,5500,5500,5500,5500
6000,5500,5500,5500,5500,5500,5500,5500,5500,5500,5500,5500,5500,5500,5500,5500,5500,5500,5500,5500,5500,5500,5500,5500,5500,5500,5500,5500,5500,5500,5500,5500,5500,5500,5500,5500,5500,5500,5500,5500
6000,5500,5500,5500,5500,5500,5500,5500,5500,5500,5500,5500,5500,5500,5500,5500,5500,5500,5500,5500,5500,5500,5500,5500,5500,5500,5500,5500,5500,5500,5500,5500,5500,5500,5500,5500,5500,5500,5500,5500
6000,5500,5500,5500,5500,5500,5500,5500,5500,5500,5500,5500,5500,5500,5500,5500,5500,5500,5500,5500,5500,5500,5500,5500,5500,5500,5500,5500,5500,5500,5500,5500,5500,5500,5500,5500,5500,5500,5500,5500
6000,5500,5500,5500,5500,5500,5500,5500,5500,5500,5500,5500,5500,5500,5500,5500,5500,5500,5500,5500,5500,5500,5500,5500,5500,5500,5500,5500,5500,5500,5500,5500,5500,5500,5500,5500,5500,5500,5500,5500
*MS_RAW_ITO_DATA_MIN,18,40,,,,,,,,,,,,,,,,,,,,,,,,,,,,,,,,,,,,,
1600,1600,1600,1600,1600,1600,1600,1600,1600,1600,1600,1600,1600,1600,1600,1600,1600,1600,1600,1600,1600,1600,1600,1600,1600,1600,1600,1600,1600,1600,1600,1600,1600,1600,1600,1600,1600,1600,1600,1600
1600,1600,1600,1600,1600,1600,1600,1600,1600,1600,1600,1600,1600,1600,1600,1600,1600,1600,1600,1600,1600,1600,1600,1600,1600,1600,1600,1600,1600,1600,1600,1600,1600,1600,1600,1600,1600,1600,1600,1600
1600,1600,1600,1600,1600,1600,1600,1600,1600,1600,1600,1600,1600,1600,1600,1600,1600,1600,1600,1600,1600,1600,1600,1600,1600,1600,1600,1600,1600,1600,1600,1600,1600,1600,1600,1600,1600,1600,1600,1600
1600,1600,1600,1600,1600,1600,1600,1600,1600,1600,1600,1600,1600,1600,1600,1600,1600,1600,1600,1600,1600,1600,1600,1600,1600,1600,1600,1600,1600,1600,1600,1600,1600,1600,1600,1600,1600,1600,1600,1600
1600,1600,1600,1600,1600,1600,1600,1600,1600,1600,1600,1600,1600,1600,1600,1600,1600,1600,1600,1600,1600,1600,1600,1600,1600,1600,1600,1600,1600,1600,1600,1600,1600,1600,1600,1600,1600,1600,1600,1600
1600,1600,1600,1600,1600,1600,1600,1600,1600,1600,1600,1600,1600,1600,1600,1600,1600,1600,1600,1600,1600,1600,1600,1600,1600,1600,1600,1600,1600,1600,1600,1600,1600,1600,1600,1600,1600,1600,1600,1600
1600,1600,1600,1600,1600,1600,1600,1600,1600,1600,1600,1600,1600,1600,1600,1600,1600,1600,1600,1600,1600,1600,1600,1600,1600,1600,1600,1600,1600,1600,1600,1600,1600,1600,1600,1600,1600,1600,1600,1600
1600,1600,1600,1600,1600,1600,1600,1600,1600,1600,1600,1600,1600,1600,1600,1600,1600,1600,1600,1600,1600,1600,1600,1600,1600,1600,1600,1600,1600,1600,1600,1600,1600,1600,1600,1600,1600,1600,1600,1600
1600,1600,1600,1600,1600,1600,1600,1600,1600,1600,1600,1600,1600,1600,1600,1600,1600,1600,1600,1600,1600,1600,1600,1600,1600,1600,1600,1600,1600,1600,1600,1600,1600,1600,1600,1600,1600,1600,1600,1600
1600,1600,1600,1600,1600,1600,1600,1600,1600,1600,1600,1600,1600,1600,1600,1600,1600,1600,1600,1600,1600,1600,1600,1600,1600,1600,1600,1600,1600,1600,1600,1600,1600,1600,1600,1600,1600,1600,1600,1600
1600,1600,1600,1600,1600,1600,1600,1600,1600,1600,1600,1600,1600,1600,1600,1600,1600,1600,1600,1600,1600,1600,1600,1600,1600,1600,1600,1600,1600,1600,1600,1600,1600,1600,1600,1600,1600,1600,1600,1600
1600,1600,1600,1600,1600,1600,1600,1600,1600,1600,1600,1600,1600,1600,1600,1600,1600,1600,1600,1600,1600,1600,1600,1600,1600,1600,1600,1600,1600,1600,1600,1600,1600,1600,1600,1600,1600,1600,1600,1600
1600,1600,1600,1600,1600,1600,1600,1600,1600,1600,1600,1600,1600,1600,1600,1600,1600,1600,1600,1600,1600,1600,1600,1600,1600,1600,1600,1600,1600,1600,1600,1600,1600,1600,1600,1600,1600,1600,1600,1600
1600,1600,1600,1600,1600,1600,1600,1600,1600,1600,1600,1600,1600,1600,1600,1600,1600,1600,1600,1600,1600,1600,1600,1600,1600,1600,1600,1600,1600,1600,1600,1600,1600,1600,1600,1600,1600,1600,1600,1600
1600,1600,1600,1600,1600,1600,1600,1600,1600,1600,1600,1600,1600,1600,1600,1600,1600,1600,1600,1600,1600,1600,1600,1600,1600,1600,1600,1600,1600,1600,1600,1600,1600,1600,1600,1600,1600,1600,1600,1600
1600,1600,1600,1600,1600,1600,1600,1600,1600,1600,1600,1600,1600,1600,1600,1600,1600,1600,1600,1600,1600,1600,1600,1600,1600,1600,1600,1600,1600,1600,1600,1600,1600,1600,1600,1600,1600,1600,1600,1600
1600,1600,1600,1600,1600,1600,1600,1600,1600,1600,1600,1600,1600,1600,1600,1600,1600,1600,1600,1600,1600,1600,1600,1600,1600,1600,1600,1600,1600,1600,1600,1600,1600,1600,1600,1600,1600,1600,1600,1600
1500,1600,1600,1600,1600,1600,1600,1600,1600,1600,1600,1600,1600,1600,1600,1600,1600,1600,1600,1600,1600,1600,1600,1600,1600,1600,1600,1600,1600,1600,1600,1600,1600,1600,1600,1600,1600,1600,1600,1500
*MS_RAW_ITO_DATA_MAX,18,40,,,,,,,,,,,,,,,,,,,,,,,,,,,,,,,,,,,,,
6400,6400,6400,6400,6400,6400,6400,6400,6400,6400,6400,6400,6400,6400,6400,6400,6400,6400,6400,6400,6400,6400,6400,6400,6400,6400,6400,6400,6400,6400,6400,6400,6400,6400,6400,6400,6400,6400,6400,6400
6400,6400,6400,6400,6400,6400,6400,6400,6400,6400,6400,6400,6400,6400,6400,6400,6400,6400,6400,6400,6400,6400,6400,6400,6400,6400,6400,6400,6400,6400,6400,6400,6400,6400,6400,6400,6400,6400,6400,6400
6400,6400,6400,6400,6400,6400,6400,6400,6400,6400,6400,6400,6400,6400,6400,6400,6400,6400,6400,6400,6400,6400,6400,6400,6400,6400,6400,6400,6400,6400,6400,6400,6400,6400,6400,6400,6400,6400,6400,6400
6400,6400,6400,6400,6400,6400,6400,6400,6400,6400,6400,6400,6400,6400,6400,6400,6400,6400,6400,6400,6400,6400,6400,6400,6400,6400,6400,6400,6400,6400,6400,6400,6400,6400,6400,6400,6400,6400,6400,6400
6400,6400,6400,6400,6400,6400,6400,6400,6400,6400,6400,6400,6400,6400,6400,6400,6400,6400,6400,6400,6400,6400,6400,6400,6400,6400,6400,6400,6400,6400,6400,6400,6400,6400,6400,6400,6400,6400,6400,6400
6400,6400,6400,6400,6400,6400,6400,6400,6400,6400,6400,6400,6400,6400,6400,6400,6400,6400,6400,6400,6400,6400,6400,6400,6400,6400,6400,6400,6400,6400,6400,6400,6400,6400,6400,6400,6400,6400,6400,6400
6400,6400,6400,6400,6400,6400,6400,6400,6400,6400,6400,6400,6400,6400,6400,6400,6400,6400,6400,6400,6400,6400,6400,6400,6400,6400,6400,6400,6400,6400,6400,6400,6400,6400,6400,6400,6400,6400,6400,6400
6400,6400,6400,6400,6400,6400,6400,6400,6400,6400,6400,6400,6400,6400,6400,6400,6400,6400,6400,6400,6400,6400,6400,6400,6400,6400,6400,6400,6400,6400,6400,6400,6400,6400,6400,6400,6400,6400,6400,6400
6400,6400,6400,6400,6400,6400,6400,6400,6400,6400,6400,6400,6400,6400,6400,6400,6400,6400,6400,6400,6400,6400,6400,6400,6400,6400,6400,6400,6400,6400,6400,6400,6400,6400,6400,6400,6400,6400,6400,6400
6400,6400,6400,6400,6400,6400,6400,6400,6400,6400,6400,6400,6400,6400,6400,6400,6400,6400,6400,6400,6400,6400,6400,6400,6400,6400,6400,6400,6400,6400,6400,6400,6400,6400,6400,6400,6400,6400,6400,6400
6400,6400,6400,6400,6400,6400,6400,6400,6400,6400,6400,6400,6400,6400,6400,6400,6400,6400,6400,6400,6400,6400,6400,6400,6400,6400,6400,6400,6400,6400,6400,6400,6400,6400,6400,6400,6400,6400,6400,6400
6400,6400,6400,6400,6400,6400,6400,6400,6400,6400,6400,6400,6400,6400,6400,6400,6400,6400,6400,6400,6400,6400,6400,6400,6400,6400,6400,6400,6400,6400,6400,6400,6400,6400,6400,6400,6400,6400,6400,6400
6400,6400,6400,6400,6400,6400,6400,6400,6400,6400,6400,6400,6400,6400,6400,6400,6400,6400,6400,6400,6400,6400,6400,6400,6400,6400,6400,6400,6400,6400,6400,6400,6400,6400,6400,6400,6400,6400,6400,6400
6400,6400,6400,6400,6400,6400,6400,6400,6400,6400,6400,6400,6400,6400,6400,6400,6400,6400,6400,6400,6400,6400,6400,6400,6400,6400,6400,6400,6400,6400,6400,6400,6400,6400,6400,6400,6400,6400,6400,6400
6400,6400,6400,6400,6400,6400,6400,6400,6400,6400,6400,6400,6400,6400,6400,6400,6400,6400,6400,6400,6400,6400,6400,6400,6400,6400,6400,6400,6400,6400,6400,6400,6400,6400,6400,6400,6400,6400,6400,6400
6400,6400,6400,6400,6400,6400,6400,6400,6400,6400,6400,6400,6400,6400,6400,6400,6400,6400,6400,6400,6400,6400,6400,6400,6400,6400,6400,6400,6400,6400,6400,6400,6400,6400,6400,6400,6400,6400,6400,6400
6400,6400,6400,6400,6400,6400,6400,6400,6400,6400,6400,6400,6400,6400,6400,6400,6400,6400,6400,6400,6400,6400,6400,6400,6400,6400,6400,6400,6400,6400,6400,6400,6400,6400,6400,6400,6400,6400,6400,6400
6400,6400,6400,6400,6400,6400,6400,6400,6400,6400,6400,6400,6400,6400,6400,6400,6400,6400,6400,6400,6400,6400,6400,6400,6400,6400,6400,6400,6400,6400,6400,6400,6400,6400,6400,6400,6400,6400,6400,6400
*MS_RAW_ITO_DATA_ADJ_HORIZONTAL,18,39,,,,,,,,,,,,,,,,,,,,,,,,,,,,,,,,,,,,,
550,550,550,550,550,550,550,550,550,550,550,550,550,550,550,550,550,550,550,550,550,550,550,550,550,550,550,550,550,550,550,550,550,550,550,550,550,550,1000,
550,550,550,550,550,550,550,550,550,550,550,550,550,550,550,550,550,550,550,550,550,550,550,550,550,550,550,550,550,550,550,550,550,550,550,550,550,550,550,
550,550,550,550,550,550,550,550,550,550,550,550,550,550,550,550,550,550,550,550,550,550,550,550,550,550,550,550,550,550,550,550,550,550,550,550,550,550,550,
550,550,550,550,550,550,550,550,550,550,550,550,550,550,550,550,550,550,550,550,550,550,550,550,550,550,550,550,550,550,550,550,550,550,550,550,550,550,550,
550,550,550,550,550,550,550,550,550,550,550,550,550,550,550,550,550,550,550,550,550,550,550,550,550,550,550,550,550,550,550,550,550,550,550,550,550,550,550,
550,550,550,550,550,550,550,550,550,550,550,550,550,550,550,550,550,550,550,550,550,550,550,550,550,550,550,550,550,550,550,550,550,550,550,550,550,550,550,
550,550,550,550,550,550,550,550,550,550,550,550,550,550,550,550,550,550,550,550,550,550,550,550,550,550,550,550,550,550,550,550,550,550,550,550,550,550,550,
550,550,550,550,550,550,550,550,550,550,550,550,550,550,550,550,550,550,550,550,550,550,550,550,550,550,550,550,550,550,550,550,550,550,550,550,550,550,550,
550,550,550,550,550,550,550,550,550,550,550,550,550,550,550,550,550,550,550,550,550,550,550,550,550,550,550,550,550,550,550,550,550,550,550,550,550,1800,750,
550,550,550,550,550,550,550,550,550,550,550,550,550,550,550,550,550,550,550,550,550,550,550,550,550,550,550,550,550,550,550,550,550,550,550,550,550,1950,800,
550,550,550,550,550,550,550,550,550,550,550,550,550,550,550,550,550,550,550,550,550,550,550,550,550,550,550,550,550,550,550,550,550,550,550,550,550,550,550,
550,550,550,550,550,550,550,550,550,550,550,550,550,550,550,550,550,550,550,550,550,550,550,550,550,550,550,550,550,550,550,550,550,550,550,550,550,550,550,
550,550,550,550,550,550,550,550,550,550,550,550,550,550,550,550,550,550,550,550,550,550,550,550,550,550,550,550,550,550,550,550,550,550,550,550,550,550,550,
550,550,550,550,550,550,550,550,550,550,550,550,550,550,550,550,550,550,550,550,550,550,550,550,550,550,550,550,550,550,550,550,550,550,550,550,550,550,550,
550,550,550,550,550,550,550,550,550,550,550,550,550,550,550,550,550,550,550,550,550,550,550,550,550,550,550,550,550,550,550,550,550,550,550,550,550,550,550,
550,550,550,550,550,550,550,550,550,550,550,550,550,550,550,550,550,550,550,550,550,550,550,550,550,550,550,550,550,550,550,550,550,550,550,550,550,550,550,
550,550,550,550,550,550,550,550,550,550,550,550,550,550,550,550,550,550,550,550,550,550,550,550,550,550,550,550,550,550,550,550,550,550,550,550,550,550,550,
550,550,550,550,550,550,550,550,550,550,550,550,550,550,550,550,550,550,550,550,550,550,550,550,550,550,550,550,550,550,550,550,550,550,550,550,550,550,1000,
*MS_RAW_ITO_DATA_ADJ_VERTICAL,17,40,,,,,,,,,,,,,,,,,,,,,,,,,,,,,,,,,,,,,
550,550,550,550,550,550,550,550,550,550,550,550,550,550,550,550,550,550,550,550,550,550,550,550,550,550,550,550,550,550,550,550,550,550,550,550,550,550,550,1150
550,550,550,550,550,550,550,550,550,550,550,550,550,550,550,550,550,550,550,550,550,550,550,550,550,550,550,550,550,550,550,550,550,550,550,550,550,550,550,550
550,550,550,550,550,550,550,550,550,550,550,550,550,550,550,550,550,550,550,550,550,550,550,550,550,550,550,550,550,550,550,550,550,550,550,550,550,550,550,550
550,550,550,550,550,550,550,550,550,550,550,550,550,550,550,550,550,550,550,550,550,550,550,550,550,550,550,550,550,550,550,550,550,550,550,550,550,550,550,550
550,550,550,550,550,550,550,550,550,550,550,550,550,550,550,550,550,550,550,550,550,550,550,550,550,550,550,550,550,550,550,550,550,550,550,550,550,550,550,550
550,550,550,550,550,550,550,550,550,550,550,550,550,550,550,550,550,550,550,550,550,550,550,550,550,550,550,550,550,550,550,550,550,550,550,550,550,550,550,550
550,550,550,550,550,550,550,550,550,550,550,550,550,550,550,550,550,550,550,550,550,550,550,550,550,550,550,550,550,550,550,550,550,550,550,550,550,550,550,550
550,550,550,550,550,550,550,550,550,550,550,550,550,550,550,550,550,550,550,550,550,550,550,550,550,550,550,550,550,550,550,550,550,550,550,550,550,550,2100,1800
550,550,550,550,550,550,550,550,550,550,550,550,550,550,550,550,550,550,550,550,550,550,550,550,550,550,550,550,550,550,550,550,550,550,550,550,550,550,550,550
550,550,550,550,550,550,550,550,550,550,550,550,550,550,550,550,550,550,550,550,550,550,550,550,550,550,550,550,550,550,550,550,550,550,550,550,550,550,2100,1800
550,550,550,550,550,550,550,550,550,550,550,550,550,550,550,550,550,550,550,550,550,550,550,550,550,550,550,550,550,550,550,550,550,550,550,550,550,550,550,550
550,550,550,550,550,550,550,550,550,550,550,550,550,550,550,550,550,550,550,550,550,550,550,550,550,550,550,550,550,550,550,550,550,550,550,550,550,550,550,550
550,550,550,550,550,550,550,550,550,550,550,550,550,550,550,550,550,550,550,550,550,550,550,550,550,550,550,550,550,550,550,550,550,550,550,550,550,550,550,550
550,550,550,550,550,550,550,550,550,550,550,550,550,550,550,550,550,550,550,550,550,550,550,550,550,550,550,550,550,550,550,550,550,550,550,550,550,550,550,550
550,550,550,550,550,550,550,550,550,550,550,550,550,550,550,550,550,550,550,550,550,550,550,550,550,550,550,550,550,550,550,550,550,550,550,550,550,550,550,550
550,550,550,550,550,550,550,550,550,550,550,550,550,550,550,550,550,550,550,550,550,550,550,550,550,550,550,550,550,550,550,550,550,550,550,550,550,550,550,550
600,550,550,550,550,550,550,550,550,550,550,550,550,550,550,550,550,550,550,550,550,550,550,550,550,550,550,550,550,550,550,550,550,550,550,550,550,550,550,1050
*MS_TOUCH_LOWPOWER_CX1_MIN_MAX,1,2,,,,,,,,,,,,,,,,,,,,,,,,,,,,,,,,,,,,,
5,34,,,,,,,,,,,,,,,,,,,,,,,,,,,,,,,,,,,,,,
*MS_TOUCH_LOWPOWER_CX2_MIN,18,40,,,,,,,,,,,,,,,,,,,,,,,,,,,,,,,,,,,,,
6,6,6,6,6,6,6,6,6,6,6,6,6,6,6,6,6,6,6,6,6,6,6,6,6,6,6,6,6,6,6,6,6,6,6,6,6,6,6,5
6,6,6,6,6,6,6,6,6,6,6,6,6,6,6,6,6,6,6,6,6,6,6,6,6,6,6,6,6,6,6,6,6,6,6,6,6,6,6,6
6,6,6,6,6,6,6,6,6,6,6,6,6,6,6,6,6,6,6,6,6,6,6,6,6,6,6,6,6,6,6,6,6,6,6,6,6,6,6,6
6,6,6,6,6,6,6,6,6,6,6,6,6,6,6,6,6,6,6,6,6,6,6,6,6,6,6,6,6,6,6,6,6,6,6,6,6,6,6,6
6,6,6,6,6,6,6,6,6,6,6,6,6,6,6,6,6,6,6,6,6,6,6,6,6,6,6,6,6,6,6,6,6,6,6,6,6,6,6,6
6,6,6,6,6,6,6,6,6,6,6,6,6,6,6,6,6,6,6,6,6,6,6,6,6,6,6,6,6,6,6,6,6,6,6,6,6,6,6,6
6,6,6,6,6,6,6,6,6,6,6,6,6,6,6,6,6,6,6,6,6,6,6,6,6,6,6,6,6,6,6,6,6,6,6,6,6,6,6,6
6,6,6,6,6,6,6,6,6,6,6,6,6,6,6,6,6,6,6,6,6,6,6,6,6,6,6,6,6,6,6,6,6,6,6,6,6,6,6,6
6,6,6,6,6,6,6,6,6,6,6,6,6,6,6,6,6,6,6,6,6,6,6,6,6,6,6,6,6,6,6,6,6,6,6,6,6,6,12,12
6,6,6,6,6,6,6,6,6,6,6,6,6,6,6,6,6,6,6,6,6,6,6,6,6,6,6,6,6,6,6,6,6,6,6,6,6,6,12,12
6,6,6,6,6,6,6,6,6,6,6,6,6,6,6,6,6,6,6,6,6,6,6,6,6,6,6,6,6,6,6,6,6,6,6,6,6,6,6,6
6,6,6,6,6,6,6,6,6,6,6,6,6,6,6,6,6,6,6,6,6,6,6,6,6,6,6,6,6,6,6,6,6,6,6,6,6,6,6,6
6,6,6,6,6,6,6,6,6,6,6,6,6,6,6,6,6,6,6,6,6,6,6,6,6,6,6,6,6,6,6,6,6,6,6,6,6,6,6,6
6,6,6,6,6,6,6,6,6,6,6,6,6,6,6,6,6,6,6,6,6,6,6,6,6,6,6,6,6,6,6,6,6,6,6,6,6,6,6,6
6,6,6,6,6,6,6,6,6,6,6,6,6,6,6,6,6,6,6,6,6,6,6,6,6,6,6,6,6,6,6,6,6,6,6,6,6,6,6,6
6,6,6,6,6,6,6,6,6,6,6,6,6,6,6,6,6,6,6,6,6,6,6,6,6,6,6,6,6,6,6,6,6,6,6,6,6,6,6,6
6,6,6,6,6,6,6,6,6,6,6,6,6,6,6,6,6,6,6,6,6,6,6,6,6,6,6,6,6,6,6,6,6,6,6,6,6,6,6,6
5,6,6,6,6,6,6,6,6,6,6,6,6,6,6,6,6,6,6,6,6,6,6,6,6,6,6,6,6,6,6,6,6,6,6,6,6,6,6,5
*MS_TOUCH_LOWPOWER_CX2_MAX,18,40,,,,,,,,,,,,,,,,,,,,,,,,,,,,,,,,,,,,,
25,25,25,25,25,25,25,25,25,25,25,25,25,25,25,25,25,25,25,25,25,25,25,25,25,25,25,25,25,25,25,25,25,25,25,25,25,25,25,24
25,25,25,25,25,25,25,25,25,25,25,25,25,25,25,25,25,25,25,25,25,25,25,25,25,25,25,25,25,25,25,25,25,25,25,25,25,25,25,25
25,25,25,25,25,25,25,25,25,25,25,25,25,25,25,25,25,25,25,25,25,25,25,25,25,25,25,25,25,25,25,25,25,25,25,25,25,25,25,25
25,25,25,25,25,25,25,25,25,25,25,25,25,25,25,25,25,25,25,25,25,25,25,25,25,25,25,25,25,25,25,25,25,25,25,25,25,25,25,25
25,25,25,25,25,25,25,25,25,25,25,25,25,25,25,25,25,25,25,25,25,25,25,25,25,25,25,25,25,25,25,25,25,25,25,25,25,25,25,25
25,25,25,25,25,25,25,25,25,25,25,25,25,25,25,25,25,25,25,25,25,25,25,25,25,25,25,25,25,25,25,25,25,25,25,25,25,25,25,25
25,25,25,25,25,25,25,25,25,25,25,25,25,25,25,25,25,25,25,25,25,25,25,25,25,25,25,25,25,25,25,25,25,25,25,25,25,25,25,25
25,25,25,25,25,25,25,25,25,25,25,25,25,25,25,25,25,25,25,25,25,25,25,25,25,25,25,25,25,25,25,25,25,25,25,25,25,25,25,25
25,25,25,25,25,25,25,25,25,25,25,25,25,25,25,25,25,25,25,25,25,25,25,25,25,25,25,25,25,25,25,25,25,25,25,25,25,25,34,33
25,25,25,25,25,25,25,25,25,25,25,25,25,25,25,25,25,25,25,25,25,25,25,25,25,25,25,25,25,25,25,25,25,25,25,25,25,25,33,33
25,25,25,25,25,25,25,25,25,25,25,25,25,25,25,25,25,25,25,25,25,25,25,25,25,25,25,25,25,25,25,25,25,25,25,25,25,25,25,25
25,25,25,25,25,25,25,25,25,25,25,25,25,25,25,25,25,25,25,25,25,25,25,25,25,25,25,25,25,25,25,25,25,25,25,25,25,25,25,25
25,25,25,25,25,25,25,25,25,25,25,25,25,25,25,25,25,25,25,25,25,25,25,25,25,25,25,25,25,25,25,25,25,25,25,25,25,25,25,25
25,25,25,25,25,25,25,25,25,25,25,25,25,25,25,25,25,25,25,25,25,25,25,25,25,25,25,25,25,25,25,25,25,25,25,25,25,25,25,25
25,25,25,25,25,25,25,25,25,25,25,25,25,25,25,25,25,25,25,25,25,25,25,25,25,25,25,25,25,25,25,25,25,25,25,25,25,25,25,25
25,25,25,25,25,25,25,25,25,25,25,25,25,25,25,25,25,25,25,25,25,25,25,25,25,25,25,25,25,25,25,25,25,25,25,25,25,25,25,25
25,25,25,25,25,25,25,25,25,25,25,25,25,25,25,25,25,25,25,25,25,25,25,25,25,25,25,25,25,25,25,25,25,25,25,25,25,25,25,25
24,25,25,25,25,25,25,25,25,25,25,25,25,25,25,25,25,25,25,25,25,25,25,25,25,25,25,25,25,25,25,25,25,25,25,25,25,25,25,24
*MS_TOUCH_LOWPOWER_CX2_ADJ_HORIZONTAL,18,39,,,,,,,,,,,,,,,,,,,,,,,,,,,,,,,,,,,,,
7,7,7,7,7,7,7,7,7,7,7,7,7,7,7,7,7,7,7,7,7,7,7,7,7,7,7,7,7,7,7,7,7,7,7,7,7,7,7,
7,7,7,7,7,7,7,7,7,7,7,7,7,7,7,7,7,7,7,7,7,7,7,7,7,7,7,7,7,7,7,7,7,7,7,7,7,7,7,
7,7,7,7,7,7,7,7,7,7,7,7,7,7,7,7,7,7,7,7,7,7,7,7,7,7,7,7,7,7,7,7,7,7,7,7,7,7,7,
7,7,7,7,7,7,7,7,7,7,7,7,7,7,7,7,7,7,7,7,7,7,7,7,7,7,7,7,7,7,7,7,7,7,7,7,7,7,7,
7,7,7,7,7,7,7,7,7,7,7,7,7,7,7,7,7,7,7,7,7,7,7,7,7,7,7,7,7,7,7,7,7,7,7,7,7,7,7,
7,7,7,7,7,7,7,7,7,7,7,7,7,7,7,7,7,7,7,7,7,7,7,7,7,7,7,7,7,7,7,7,7,7,7,7,7,7,7,
7,7,7,7,7,7,7,7,7,7,7,7,7,7,7,7,7,7,7,7,7,7,7,7,7,7,7,7,7,7,7,7,7,7,7,7,7,7,7,
7,7,7,7,7,7,7,7,7,7,7,7,7,7,7,7,7,7,7,7,7,7,7,7,7,7,7,7,7,7,7,7,7,7,7,7,7,7,7,
7,7,7,7,7,7,7,7,7,7,7,7,7,7,7,7,7,7,7,7,7,7,7,7,7,7,7,7,7,7,7,7,7,7,7,7,7,13,7,
7,7,7,7,7,7,7,7,7,7,7,7,7,7,7,7,7,7,7,7,7,7,7,7,7,7,7,7,7,7,7,7,7,7,7,7,7,14,7,
7,7,7,7,7,7,7,7,7,7,7,7,7,7,7,7,7,7,7,7,7,7,7,7,7,7,7,7,7,7,7,7,7,7,7,7,7,7,7,
7,7,7,7,7,7,7,7,7,7,7,7,7,7,7,7,7,7,7,7,7,7,7,7,7,7,7,7,7,7,7,7,7,7,7,7,7,7,7,
7,7,7,7,7,7,7,7,7,7,7,7,7,7,7,7,7,7,7,7,7,7,7,7,7,7,7,7,7,7,7,7,7,7,7,7,7,7,7,
7,7,7,7,7,7,7,7,7,7,7,7,7,7,7,7,7,7,7,7,7,7,7,7,7,7,7,7,7,7,7,7,7,7,7,7,7,7,7,
7,7,7,7,7,7,7,7,7,7,7,7,7,7,7,7,7,7,7,7,7,7,7,7,7,7,7,7,7,7,7,7,7,7,7,7,7,7,7,
7,7,7,7,7,7,7,7,7,7,7,7,7,7,7,7,7,7,7,7,7,7,7,7,7,7,7,7,7,7,7,7,7,7,7,7,7,7,7,
7,7,7,7,7,7,7,7,7,7,7,7,7,7,7,7,7,7,7,7,7,7,7,7,7,7,7,7,7,7,7,7,7,7,7,7,7,7,7,
7,7,7,7,7,7,7,7,7,7,7,7,7,7,7,7,7,7,7,7,7,7,7,7,7,7,7,7,7,7,7,7,7,7,7,7,7,7,7,
*MS_TOUCH_LOWPOWER_CX2_ADJ_VERTICAL,17,40,,,,,,,,,,,,,,,,,,,,,,,,,,,,,,,,,,,,,
7,7,7,7,7,7,7,7,7,7,7,7,7,7,7,7,7,7,7,7,7,7,7,7,7,7,7,7,7,7,7,7,7,7,7,7,7,7,7,10
7,7,7,7,7,7,7,7,7,7,7,7,7,7,7,7,7,7,7,7,7,7,7,7,7,7,7,7,7,7,7,7,7,7,7,7,7,7,7,10
7,7,7,7,7,7,7,7,7,7,7,7,7,7,7,7,7,7,7,7,7,7,7,7,7,7,7,7,7,7,7,7,7,7,7,7,7,7,7,7
7,7,7,7,7,7,7,7,7,7,7,7,7,7,7,7,7,7,7,7,7,7,7,7,7,7,7,7,7,7,7,7,7,7,7,7,7,7,7,7
7,7,7,7,7,7,7,7,7,7,7,7,7,7,7,7,7,7,7,7,7,7,7,7,7,7,7,7,7,7,7,7,7,7,7,7,7,7,7,7
7,7,7,7,7,7,7,7,7,7,7,7,7,7,7,7,7,7,7,7,7,7,7,7,7,7,7,7,7,7,7,7,7,7,7,7,7,7,7,7
7,7,7,7,7,7,7,7,7,7,7,7,7,7,7,7,7,7,7,7,7,7,7,7,7,7,7,7,7,7,7,7,7,7,7,7,7,7,7,7
7,7,7,7,7,7,7,7,7,7,7,7,7,7,7,7,7,7,7,7,7,7,7,7,7,7,7,7,7,7,7,7,7,7,7,7,7,7,13,13
7,7,7,7,7,7,7,7,7,7,7,7,7,7,7,7,7,7,7,7,7,7,7,7,7,7,7,7,7,7,7,7,7,7,7,7,7,7,7,7
7,7,7,7,7,7,7,7,7,7,7,7,7,7,7,7,7,7,7,7,7,7,7,7,7,7,7,7,7,7,7,7,7,7,7,7,7,7,14,13
7,7,7,7,7,7,7,7,7,7,7,7,7,7,7,7,7,7,7,7,7,7,7,7,7,7,7,7,7,7,7,7,7,7,7,7,7,7,7,7
7,7,7,7,7,7,7,7,7,7,7,7,7,7,7,7,7,7,7,7,7,7,7,7,7,7,7,7,7,7,7,7,7,7,7,7,7,7,7,7
7,7,7,7,7,7,7,7,7,7,7,7,7,7,7,7,7,7,7,7,7,7,7,7,7,7,7,7,7,7,7,7,7,7,7,7,7,7,7,7
7,7,7,7,7,7,7,7,7,7,7,7,7,7,7,7,7,7,7,7,7,7,7,7,7,7,7,7,7,7,7,7,7,7,7,7,7,7,7,7
7,7,7,7,7,7,7,7,7,7,7,7,7,7,7,7,7,7,7,7,7,7,7,7,7,7,7,7,7,7,7,7,7,7,7,7,7,7,7,7
7,7,7,7,7,7,7,7,7,7,7,7,7,7,7,7,7,7,7,7,7,7,7,7,7,7,7,7,7,7,7,7,7,7,7,7,7,7,7,7
7,7,7,7,7,7,7,7,7,7,7,7,7,7,7,7,7,7,7,7,7,7,7,7,7,7,7,7,7,7,7,7,7,7,7,7,7,7,7,7
*SS_RAW_DATA_FORCE_MIN_MAX,1,2,,,,,,,,,,,,,,,,,,,,,,,,,,,,,,,,,,,,,
-21000,21000,,,,,,,,,,,,,,,,,,,,,,,,,,,,,,,,,,,,,,
*SS_RAW_DATA_FORCE_EACH_MIN,18,1,,,,,,,,,,,,,,,,,,,,,,,,,,,,,,,,,,,,,
-21000,,,,,,,,,,,,,,,,,,,,,,,,,,,,,,,,,,,,,,,
-16000,,,,,,,,,,,,,,,,,,,,,,,,,,,,,,,,,,,,,,,
-16000,,,,,,,,,,,,,,,,,,,,,,,,,,,,,,,,,,,,,,,
-16000,,,,,,,,,,,,,,,,,,,,,,,,,,,,,,,,,,,,,,,
-16000,,,,,,,,,,,,,,,,,,,,,,,,,,,,,,,,,,,,,,,
-16000,,,,,,,,,,,,,,,,,,,,,,,,,,,,,,,,,,,,,,,
-16000,,,,,,,,,,,,,,,,,,,,,,,,,,,,,,,,,,,,,,,
-16000,,,,,,,,,,,,,,,,,,,,,,,,,,,,,,,,,,,,,,,
-16000,,,,,,,,,,,,,,,,,,,,,,,,,,,,,,,,,,,,,,,
-16000,,,,,,,,,,,,,,,,,,,,,,,,,,,,,,,,,,,,,,,
-16000,,,,,,,,,,,,,,,,,,,,,,,,,,,,,,,,,,,,,,,
-16000,,,,,,,,,,,,,,,,,,,,,,,,,,,,,,,,,,,,,,,
-16000,,,,,,,,,,,,,,,,,,,,,,,,,,,,,,,,,,,,,,,
-16000,,,,,,,,,,,,,,,,,,,,,,,,,,,,,,,,,,,,,,,
-16000,,,,,,,,,,,,,,,,,,,,,,,,,,,,,,,,,,,,,,,
-16000,,,,,,,,,,,,,,,,,,,,,,,,,,,,,,,,,,,,,,,
-16000,,,,,,,,,,,,,,,,,,,,,,,,,,,,,,,,,,,,,,,
-16000,,,,,,,,,,,,,,,,,,,,,,,,,,,,,,,,,,,,,,,
*SS_RAW_DATA_FORCE_EACH_MAX,18,1,,,,,,,,,,,,,,,,,,,,,,,,,,,,,,,,,,,,,
21000,,,,,,,,,,,,,,,,,,,,,,,,,,,,,,,,,,,,,,,
16000,,,,,,,,,,,,,,,,,,,,,,,,,,,,,,,,,,,,,,,
16000,,,,,,,,,,,,,,,,,,,,,,,,,,,,,,,,,,,,,,,
16000,,,,,,,,,,,,,,,,,,,,,,,,,,,,,,,,,,,,,,,
16000,,,,,,,,,,,,,,,,,,,,,,,,,,,,,,,,,,,,,,,
16000,,,,,,,,,,,,,,,,,,,,,,,,,,,,,,,,,,,,,,,
16000,,,,,,,,,,,,,,,,,,,,,,,,,,,,,,,,,,,,,,,
16000,,,,,,,,,,,,,,,,,,,,,,,,,,,,,,,,,,,,,,,
16000,,,,,,,,,,,,,,,,,,,,,,,,,,,,,,,,,,,,,,,
16000,,,,,,,,,,,,,,,,,,,,,,,,,,,,,,,,,,,,,,,
16000,,,,,,,,,,,,,,,,,,,,,,,,,,,,,,,,,,,,,,,
16000,,,,,,,,,,,,,,,,,,,,,,,,,,,,,,,,,,,,,,,
16000,,,,,,,,,,,,,,,,,,,,,,,,,,,,,,,,,,,,,,,
16000,,,,,,,,,,,,,,,,,,,,,,,,,,,,,,,,,,,,,,,
16000,,,,,,,,,,,,,,,,,,,,,,,,,,,,,,,,,,,,,,,
16000,,,,,,,,,,,,,,,,,,,,,,,,,,,,,,,,,,,,,,,
16000,,,,,,,,,,,,,,,,,,,,,,,,,,,,,,,,,,,,,,,
16000,,,,,,,,,,,,,,,,,,,,,,,,,,,,,,,,,,,,,,,
*SS_TOUCH_ACTIVE_TOTAL_IX_FORCE_MIN,18,1,,,,,,,,,,,,,,,,,,,,,,,,,,,,,,,,,,,,,
250,,,,,,,,,,,,,,,,,,,,,,,,,,,,,,,,,,,,,,,
250,,,,,,,,,,,,,,,,,,,,,,,,,,,,,,,,,,,,,,,
250,,,,,,,,,,,,,,,,,,,,,,,,,,,,,,,,,,,,,,,
250,,,,,,,,,,,,,,,,,,,,,,,,,,,,,,,,,,,,,,,
250,,,,,,,,,,,,,,,,,,,,,,,,,,,,,,,,,,,,,,,
250,,,,,,,,,,,,,,,,,,,,,,,,,,,,,,,,,,,,,,,
250,,,,,,,,,,,,,,,,,,,,,,,,,,,,,,,,,,,,,,,
250,,,,,,,,,,,,,,,,,,,,,,,,,,,,,,,,,,,,,,,
250,,,,,,,,,,,,,,,,,,,,,,,,,,,,,,,,,,,,,,,
250,,,,,,,,,,,,,,,,,,,,,,,,,,,,,,,,,,,,,,,
250,,,,,,,,,,,,,,,,,,,,,,,,,,,,,,,,,,,,,,,
250,,,,,,,,,,,,,,,,,,,,,,,,,,,,,,,,,,,,,,,
250,,,,,,,,,,,,,,,,,,,,,,,,,,,,,,,,,,,,,,,
250,,,,,,,,,,,,,,,,,,,,,,,,,,,,,,,,,,,,,,,
250,,,,,,,,,,,,,,,,,,,,,,,,,,,,,,,,,,,,,,,
250,,,,,,,,,,,,,,,,,,,,,,,,,,,,,,,,,,,,,,,
250,,,,,,,,,,,,,,,,,,,,,,,,,,,,,,,,,,,,,,,
250,,,,,,,,,,,,,,,,,,,,,,,,,,,,,,,,,,,,,,,
*SS_TOUCH_ACTIVE_TOTAL_IX_FORCE_MAX,18,1,,,,,,,,,,,,,,,,,,,,,,,,,,,,,,,,,,,,,
700,,,,,,,,,,,,,,,,,,,,,,,,,,,,,,,,,,,,,,,
700,,,,,,,,,,,,,,,,,,,,,,,,,,,,,,,,,,,,,,,
700,,,,,,,,,,,,,,,,,,,,,,,,,,,,,,,,,,,,,,,
700,,,,,,,,,,,,,,,,,,,,,,,,,,,,,,,,,,,,,,,
700,,,,,,,,,,,,,,,,,,,,,,,,,,,,,,,,,,,,,,,
700,,,,,,,,,,,,,,,,,,,,,,,,,,,,,,,,,,,,,,,
700,,,,,,,,,,,,,,,,,,,,,,,,,,,,,,,,,,,,,,,
700,,,,,,,,,,,,,,,,,,,,,,,,,,,,,,,,,,,,,,,
700,,,,,,,,,,,,,,,,,,,,,,,,,,,,,,,,,,,,,,,
700,,,,,,,,,,,,,,,,,,,,,,,,,,,,,,,,,,,,,,,
700,,,,,,,,,,,,,,,,,,,,,,,,,,,,,,,,,,,,,,,
700,,,,,,,,,,,,,,,,,,,,,,,,,,,,,,,,,,,,,,,
700,,,,,,,,,,,,,,,,,,,,,,,,,,,,,,,,,,,,,,,
700,,,,,,,,,,,,,,,,,,,,,,,,,,,,,,,,,,,,,,,
700,,,,,,,,,,,,,,,,,,,,,,,,,,,,,,,,,,,,,,,
700,,,,,,,,,,,,,,,,,,,,,,,,,,,,,,,,,,,,,,,
700,,,,,,,,,,,,,,,,,,,,,,,,,,,,,,,,,,,,,,,
700,,,,,,,,,,,,,,,,,,,,,,,,,,,,,,,,,,,,,,,
*SS_RAW_DATA_SENSE_MIN_MAX,1,2,,,,,,,,,,,,,,,,,,,,,,,,,,,,,,,,,,,,,
-21000,21000,,,,,,,,,,,,,,,,,,,,,,,,,,,,,,,,,,,,,,
*SS_RAW_DATA_SENSE_EACH_MIN,1,40,,,,,,,,,,,,,,,,,,,,,,,,,,,,,,,,,,,,,
-21000,-16000,-16000,-16000,-16000,-16000,-16000,-16000,-16000,-16000,-16000,-16000,-16000,-16000,-16000,-16000,-16000,-16000,-16000,-16000,-16000,-16000,-16000,-16000,-16000,-16000,-16000,-16000,-16000,-16000,-16000,-16000,-16000,-16000,-16000,-16000,-16000,-16000,-16000,-16000
*SS_RAW_DATA_SENSE_EACH_MAX,1,40,,,,,,,,,,,,,,,,,,,,,,,,,,,,,,,,,,,,,
21000,16000,16000,16000,16000,16000,16000,16000,16000,16000,16000,16000,16000,16000,16000,16000,16000,16000,16000,16000,16000,16000,16000,16000,16000,16000,16000,16000,16000,16000,16000,16000,16000,16000,16000,16000,16000,16000,16000,16000
*SS_TOUCH_ACTIVE_TOTAL_IX_SENSE_MIN,1,40,,,,,,,,,,,,,,,,,,,,,,,,,,,,,,,,,,,,,
180,180,180,180,180,180,180,180,180,180,180,180,180,180,180,180,180,180,180,180,180,180,180,180,180,180,180,180,180,180,180,180,180,180,180,180,180,180,180,180
*SS_TOUCH_ACTIVE_TOTAL_IX_SENSE_MAX,1,40,,,,,,,,,,,,,,,,,,,,,,,,,,,,,,,,,,,,,
540,540,540,540,540,540,540,540,540,540,540,540,540,540,540,540,540,540,540,540,540,540,540,540,540,540,540,540,540,540,540,540,540,540,540,540,540,540,540,540
